# First field is # dimensions of each datapoint, 2nd is gesture class, Next fields are raw time series in order t_f1[0], t_f2[0], t_f3[0] etc. where f1, f2, etc are features and [0] is time
6,1,0.0,0.0,0.0,-1664.0,-288.0,-512.0,800.0,-480.0,-64.0,-1664.0,-288.0,-512.0,800.0,-480.0,-64.0,-1664.0,-288.0,-512.0,800.0,-480.0,-64.0,-2032.0,-208.0,-928.0,1056.0,-256.0,48.0,-2032.0,-208.0,-928.0,1056.0,-256.0,48.0,-2032.0,-208.0,-928.0,1056.0,-256.0,48.0,-2032.0,-208.0,-928.0,1056.0,-256.0,48.0,-2032.0,-208.0,-928.0,1056.0,-256.0,48.0,0.0,0.0,8.0,1056.0,-256.0,48.0,-2032.0,-368.0,-960.0,1184.0,-64.0,19.0,-2032.0,-368.0,-960.0,1184.0,-64.0,192.0,-2032.0,-368.0,-960.0,1184.0,-64.0,192.0,-2032.0,-368.0,-960.0,1184.0,-64.0,192.0,-2032.0,-368.0,-960.0,1184.0,-64.0,192.0,-2032.0,-368.0,-960.0,1184.0,-64.0,192.0,-2032.0,-368.0,-960.0,1184.0,-64.0,192.0,-2032.0,-368.0,-960.0,1310832.0,0.0,0.0,-2032.0,-368.0,-960.0,1310832.0,0.0,0.0,2032.0,0.0,0.0,1310832.0,0.0,0.0,-2032.0,-592.0,-432.0,1088.0,96.0,112.0,-2032.0,-592.0,-432.0,1088.0,96.0,112.0,-2032.0,-592.0,-432.0,1088.0,96.0,112.0,-2032.0,-592.0,-432.0,1088.0,96.0,112.0,-1712.0,-560.0,-288.0,1328.0,176.0,-64.0,-1712.0,-560.0,-288.0,1328.0,176.0,-64.0,-1712.0,-560.0,-288.0,1328.0,176.0,-64.0,-1712.0,-560.0,-288.0,1310862.0,0.0,0.0,-1712.0,-560.0,-288.0,1310862.0,0.0,0.0,-1712560.0,288.0,0.0,1310862.0,0.0,0.0,-2032.0,-336.0,-352.0,304.0,0.0,0.0,-2032.0,-336.0,-352.0,2016.0,224.0,-304.0,-2032.0,-336.0,-352.0,2016.0,224.0,-304.0,-2032.0,-336.0,-352.0,2016.0,224.0,-304.0,-2032.0,-336.0,-352.0,2016.0,224.0,-304.0,-2032.0,-336.0,-352.0,2048.0,560.0,48.0,-2032.0,-336.0,-352.0,2048.0,560.0,48.0,-2032.0,-80.0,-704.0,2048.0,560.0,48.0,-2032.0,-80.0,-704.0,2048.0,560.0,48.0,-2032.0,-80.0,-704.0,2048.0,560.0,48.0,0.0,0.0,698904.0,2048.0,560.0,48.0,0.0,0.0,698904.0,2048.0,560.0,48.0,0.0,0.0,698904.0,2048.0,560.0,48.0,-2032.0,-80.0,-704.0,2048.0,560.0,48.0,-2032.0,224.0,-832.0,2048.0,1888.0,1216.0,-2032.0,224.0,-832.0,2048.0,1888.0,1216.0,-2032.0,224.0,-832.0,2048.0,1888.0,1216.0,-2032.0,224.0,-832.0,2048.0,1888.0,1216.0,-2032.0,224.0,-832.0,2048.0,1888.0,1216.0,-2032.0,224.0,-832.0,2048.0,1888.0,1216.0,0.0,0.0,698934.0,256.0,2048.0,88.0,0.0,0.0,698934.0,256.0,2048.0,880.0,0.0,0.0,698934.0,256.0,2048.0,880.0,-1120.0,384.0,-176.0,256.0,2048.0,880.0,-1120.0,384.0,-176.0,256.0,2048.0,880.0,-1120.0,384.0,-176.0,-2032.0,2048.0,-544.0,-1120.0,384.0,-176.0,-2032.0,2048.0,-544.0,-656.0,464.0,352.0,-2032.0,2048.0,-544.0,-656.0,464.0,352.0,-2032.0,2048.0,-544.0,-656.0,464.0,352.0,-2032.0,2048.0,-544.0,0.0,698964.0,0.0,-2032.0,2048.0,0.0,0.0,698964.0,0.0,-2032.0,928.0,464.0,0.0,698964.0,0.0,-2032.0,928.0,464.0,-288.0,656.0,448.0,-2032.0,928.0,464.0,-288.0,656.0,448.0,-2032.0,928.0,464.0,-288.0,656.0,448.0,-2032.0,928.0,464.0,-288.0,656.0,448.0,-2032.0,928.0,464.0,-288.0,656.0,448.0,-2032.0,928.0,464.0,-288.0,656.0,448.0,-2032.0,928.0,464.0,-288.0,656.0,448.0,-2032.0,928.0,464.0,0.0,0.0,698994.0,-2032.0,512.0,0.0,0.0,0.0,698994.0,-2032.0,512.0,224.0,0.0,0.0,698994.0,-2032.0,512.0,224.0,208.0,832.0,48.0,-2032.0,512.0,224.0,208.0,832.0,48.0,-2032.0,512.0,224.0,208.0,832.0,48.0,-2032.0,256.0,-80.0,208.0,832.0,48.0,-2032.0,256.0,-80.0,752.0,944.0,80.0,-2032.0,256.0,-80.0,752.0,944.0,80.0,-2032.0,256.0,-80.0,752.0,944.0,80.0,-2032.0,256.0,-80.0,0.0,0.0,752.0,80.0,0.0,0.0,0.0,0.0,752.0,-2032.0,96.0,144.0,0.0,0.0,752.0,-2032.0,96.0,144.0,1552.0,960.0,368.0,-2032.0,96.0,144.0,1552.0,960.0,368.0,-2032.0,96.0,144.0,1552.0,960.0,368.0,-2032.0,96.0,144.0,1552.0,960.0,368.0,-2032.0,96.0,144.0,1552.0,960.0,368.0,0.0,1311042.0,0.0,1552.0,960.0,368.0,0.0,1311042.0,0.0,1552384.0,0.0,0.0,0.0,1311042.0,0.0,2048.0,816.0,384.0,16.0,0.0,0.0,2048.0,816.0,384.0,-2032.0,64.0,-16.0,2048.0,816.0,384.0,-2032.0,64.0,-16.0,2048.0,816.0,384.0,-2032.0,64.0,-16.0,2048.0,816.0,384.0,-2032.0,64.0,-16.0,2048.0,816.0,384.0,-2032.0,96.0,304.0,2048.0,816.0,384.0,-2032.0,96.0,304.0,2048.0,640.0,272.0,0.0,1311072.0,0.0,2048.0,640.0,272.0,0.0,1311072.0,0.0,2048272.0,0.0,0.0,0.0,1311072.0,0.0,2048.0,640.0,272.0,304.0,0.0,0.0,2048.0,640.0,272.0,-2032.0,112.0,384.0,2048.0,640.0,272.0,-2032.0,112.0,384.0,2048.0,384.0,304.0,-2032.0,112.0,384.0,2048.0,384.0,304.0,-2032.0,112.0,384.0,2048.0,384.0,304.0,-2032.0,112.0,384.0,2048.0,384.0,304.0,-2032.0,112.0,384.0,2048.0,384.0,304.0,-2032.0,112.0,384.0,2048.0,-16.0,32.0,-1760.0,16.0,512.0,2048.0,-16.0,32.0,-1760.0,16.0,512.0,0.0,0.0,699114.0,-1760.0,16.0,51.0,0.0,0.0,699114.0,-1760.0,16.0,512.0,0.0,0.0,699114.0,-1760.0,16.0,512.0,2048.0,-16.0,32.0,-1760.0,16.0,512.0,2048.0,-16.0,32.0,-1760.0,16.0,512.0,2048.0,-16.0,32.0,-1360.0,-208.0,224.0,2048.0,-16.0,32.0,-1360.0,-208.0,224.0,1200.0,-416.0,-32.0,0.0,1311132.0,0.0,1200.0,-416.0,-32.0,0.0,1311132.0,0.0,1200.0,-416.0,-32.0,0.0,1311132.0,0.0,1200.0,-416.0,-32.0,-1360.0,208.0,0.0,1200.0,-416.0,-32.0,-976.0,-224.0,48.0,1200.0,-416.0,-32.0,-976.0,-224.0,48.0,480.0,-752.0,-64.0,-976.0,-224.0,48.0,480.0,-752.0,-64.0,-976.0,-224.0,48.0,480.0,-752.0,-64.0,-976.0,-224.0,48.0,480.0,-752.0,-64.0,-976.0,-224.0,48.0,480.0,-752.0,-64.0,-976.0,-224.0,48.0,128.0,-976.0,-48.0,-944.0,-192.0,-64.0,128.0,-976.0,-48.0,-944.0,-192.0,-64.0,0.0,0.0,699174.0,-944.0,-192.0,0.0,0.0,0.0,699174.0,-944.0,-192.0,-64.0,0.0,0.0,699174.0,-944.0,-192.0,-64.0,128.0,-976.0,-48.0,-944.0,-192.0,-64.0,144.0,-1104.0,-32.0,-976.0,-112.0,-64.0,144.0,-1104.0,-32.0,-976.0,-112.0,-64.0,144.0,-1104.0,-32.0,-976.0,-112.0,-64.0,144.0,-1104.0,-32.0,-976.0,-112.0,-64.0,144.0,-1104.0,-32.0,-976.0,-112.0,-64.0,144.0,-1104.0,-32.0,-976.0,-112.0,-64.0,0.0,0.0,699204.0,-976.0,-112.0,0.0,0.0,0.0,699204.0,-960.0,-64.0,48.0,0.0,0.0,699204.0,-960.0,-64.0,48.0,320.0,-1024.0,-112.0,-960.0,-64.0,48.0,320.0,-1024.0,-112.0,-960.0,-64.0,48.0,320.0,-1024.0,-112.0,-960.0,-64.0,48.0,320.0,-1024.0,-112.0,-960.0,-64.0,48.0,320.0,-1024.0,-112.0,0.0,1311222.0,0.0,320.0,-1024.0,-112.0,0.0,1311222.0,0.0,544.0,0.0,976.0,0.0,1311222.0,0.0,544.0,-976.0,-240.0,-944.0,-48.0,11.0,544.0,-976.0,-240.0,-944.0,-48.0,112.0,544.0,-976.0,-240.0,-944.0,-48.0,112.0,544.0,-976.0,-240.0,-944.0,-48.0,112.0,752.0,-816.0,-96.0,-880.0,-48.0,176.0,752.0,-816.0,-96.0,-880.0,-48.0,176.0,752.0,-816.0,-96.0,-880.0,-48.0,176.0,752.0,-816.0,-96.0,-880.0,-48.0,176.0,752.0,-816.0,-96.0,-880.0,-48.0,176.0,752.0,-816.0,-96.0,-880.0,-48.0,176.0,699264.0,0.0,0.0,0.0,0.0,0.0,699264.0,0.0,0.0,
6,1,912.0,-448.0,224.0,912.0,-496.0,224.0,912.0,-448.0,224.0,912.0,-496.0,224.0,912.0,-448.0,224.0,912.0,-496.0,224.0,912.0,-448.0,224.0,912.0,-496.0,224.0,912.0,-448.0,224.0,912.0,-496.0,224.0,912.0,-448.0,224.0,1040.0,-320.0,112.0,0.0,1604484.0,0.0,1040.0,-320.0,112.0,0.0,1604484.0,0.0,1040.0,0.0,-320.0,0.0,1604484.0,0.0,1040.0,-320.0,112.0,1056.0,-128.0,112.0,1040.0,-320.0,112.0,1056.0,-128.0,112.0,1040.0,-320.0,112.0,1056.0,-128.0,112.0,1392.0,112.0,-96.0,1056.0,-128.0,112.0,1392.0,112.0,-96.0,1488.0,448.0,-80.0,1392.0,112.0,-96.0,1488.0,448.0,-80.0,1392.0,112.0,-96.0,1488.0,448.0,-80.0,1392.0,112.0,-96.0,0.0,1604514.0,0.0,1392.0,112.0,-96.0,0.0,1604514.0,0.0,2048.0,0.0,752.0,0.0,1604514.0,0.0,2048.0,752.0,-368.0,2048.0,1184.0,-16.0,2048.0,752.0,-368.0,2048.0,1184.0,-160.0,2048.0,752.0,-368.0,2048.0,1184.0,-160.0,2048.0,752.0,-368.0,2048.0,1184.0,-160.0,2048.0,752.0,-368.0,2048.0,1184.0,-160.0,2048.0,752.0,-368.0,2048.0,2032.0,96.0,2048.0,752.0,-368.0,2048.0,2032.0,96.0,2048.0,1632.0,-432.0,2048.0,2032.0,96.0,2048.0,1632.0,-432.0,2048.0,2032.0,96.0,2048.0,1632.0,-432.0,2048.0,2032.0,96.0,2048.0,1632.0,-432.0,2048.0,2032.0,96.0,2048.0,1632.0,-432.0,2048.0,2032.0,96.0,2048.0,1632.0,-432.0,2048.0,2032.0,96.0,2048.0,2048.0,-272.0,2048.0,2032.0,96.0,2048.0,2048.0,-272.0,2048.0,2048.0,320.0,2048.0,2048.0,-272.0,2048.0,2048.0,320.0,2048.0,2048.0,-272.0,2048.0,2048.0,320.0,2048.0,2048.0,-272.0,0.0,1604574.0,0.0,2048.0,2048.0,-272.0,0.0,1604574.0,0.0,2.0482048E7,432.0,0.0,0.0,1604574.0,0.0,2048.0,2048.0,-432.0,20.0,0.0,0.0,2048.0,2048.0,-432.0,2048.0,2048.0,-256.0,2048.0,2048.0,-432.0,2048.0,2048.0,-256.0,992580.0,0.0,0.0,2048.0,2048.0,-256.0,1920.0,2048.0,-1232.0,
6,1,1.0,0.0,0.0,-1088.0,-480.0,-32.0,-1088.0,-512.0,-160.0,-1088.0,-480.0,-32.0,-1088.0,-512.0,-160.0,-1088.0,-480.0,-32.0,-1088.0,-512.0,-160.0,-1456.0,-224.0,240.0,-1776.0,-304.0,144.0,-1456.0,-224.0,240.0,-1776.0,-304.0,144.0,-1456.0,-224.0,240.0,-1776.0,-304.0,144.0,-1456.0,-224.0,240.0,1604844.0,0.0,0.0,-1456.0,-224.0,240.0,1604844.0,0.0,0.0,-1456.0,-224.0,240.0,1604844.0,0.0,0.0,-2032.0,48.0,576.0,1.0,0.0,0.0,-2032.0,48.0,576.0,-2032.0,-112.0,336.0,-2032.0,48.0,576.0,-2032.0,-112.0,336.0,-2032.0,48.0,576.0,-2032.0,-112.0,336.0,-2032.0,48.0,576.0,-2032.0,-112.0,336.0,-2032.0,48.0,576.0,-2032.0,-112.0,336.0,-2032.0,48.0,576.0,-2032.0,-112.0,336.0,-2032.0,320.0,928.0,1604874.0,0.0,0.0,-2032.0,320.0,928.0,1604874.0,0.0,0.0,2032.0,0.0,0.0,1604874.0,0.0,0.0,-2032.0,320.0,928.0,-2032.0,128.0,688.0,-2032.0,320.0,928.0,-2032.0,128.0,688.0,-2032.0,320.0,928.0,-2032.0,128.0,688.0,-2032.0,864.0,1440.0,-2032.0,128.0,688.0,-2032.0,864.0,1440.0,-2032.0,624.0,1072.0,-2032.0,864.0,1440.0,-2032.0,624.0,1072.0,-2032.0,864.0,1440.0,-2032.0,624.0,1072.0,-2032.0,864.0,1440.0,1604904.0,0.0,0.0,-2032.0,864.0,1440.0,1604904.0,0.0,0.0,-2032.0,864.0,1440.0,1604904.0,0.0,0.0,-2032.0,1632.0,1776.0,2.0,0.0,0.0,-2032.0,1632.0,1776.0,-2032.0,1376.0,1424.0,-2032.0,1632.0,1776.0,-2032.0,1376.0,1424.0,992910.0,0.0,0.0,-2032.0,1376.0,1424.0,-2032.0,1632.0,1776.0,2.0,0.0,0.0,-2032.0,1632.0,1776.0,-2032.0,1376.0,1424.0,-2032.0,1632.0,1776.0,-2032.0,1376.0,1424.0,-2032.0,2048.0,1776.0,-2032.0,2048.0,1520.0,-2032.0,2048.0,1776.0,-2032.0,2048.0,1520.0,0.0,0.0,28.0,-2032.0,2048.0,1520.0,-2032.0,2048.0,1776.0,-2032.0,2048.0,15.0,-2032.0,2048.0,1776.0,-2032.0,2048.0,1520.0,-2032.0,2048.0,1776.0,-2032.0,2048.0,1520.0,-2032.0,2048.0,1136.0,-2032.0,2048.0,1520.0,-2032.0,2048.0,1136.0,-1808.0,2048.0,992.0,-2032.0,2048.0,1136.0,-1808.0,2048.0,992.0,-2032.0,2048.0,1136.0,-1808.0,2048.0,992.0,-2032.0,2048.0,1136.0,0.0,1604964.0,0.0,-2032.0,2048.0,1136.0,0.0,1604964.0,0.0,-576.0,0.0,2048.0,0.0,1604964.0,0.0,-576.0,2048.0,320.0,-528.0,2048.0,528.0,-576.0,2048.0,320.0,-528.0,2048.0,528.0,-576.0,2048.0,320.0,-528.0,2048.0,528.0,-576.0,2048.0,320.0,-528.0,2048.0,528.0,-576.0,2048.0,320.0,-528.0,2048.0,528.0,-576.0,2048.0,320.0,-528.0,2048.0,528.0,-576.0,2048.0,320.0,-528.0,2048.0,528.0,240.0,2048.0,-432.0,
6,1,1040.0,-320.0,0.0,992.0,-512.0,0.0,1040.0,-320.0,0.0,1152.0,-256.0,112.0,1040.0,-320.0,0.0,1152.0,-256.0,112.0,1168.0,-80.0,96.0,1152.0,-256.0,112.0,1168.0,-80.0,96.0,1152.0,-256.0,112.0,1168.0,-80.0,96.0,1152.0,-256.0,112.0,1664274.0,0.0,0.0,1152.0,-256.0,112.0,1664274.0,0.0,0.0,1.0,152.0,16.0,1664274.0,0.0,0.0,1168.0,16.0,304.0,1088.0,0.0,0.0,1168.0,16.0,304.0,1088.0,96.0,288.0,1168.0,16.0,304.0,1088.0,96.0,288.0,1168.0,16.0,304.0,1088.0,96.0,288.0,1168.0,16.0,304.0,1088.0,96.0,288.0,1168.0,16.0,304.0,1088.0,96.0,176.0,1168.0,16.0,304.0,1088.0,96.0,176.0,1056.0,-48.0,272.0,976.0,-96.0,176.0,1056.0,-48.0,272.0,976.0,-96.0,176.0,1056.0,-48.0,272.0,976.0,-96.0,176.0,1056.0,-48.0,272.0,976.0,-96.0,176.0,1056.0,-48.0,272.0,976.0,-96.0,176.0,1056.0,-48.0,272.0,976.0,-96.0,176.0,832.0,-240.0,176.0,976.0,-96.0,176.0,832.0,-240.0,176.0,832.0,-288.0,144.0,832.0,-240.0,176.0,832.0,-288.0,144.0,832.0,-240.0,176.0,832.0,-288.0,144.0,832.0,-240.0,176.0,1664334.0,0.0,0.0,832.0,-240.0,176.0,576.0,-320.0,48.0,832.0,-240.0,176.0,576.0,-320.0,48.0,8.0,0.0,0.0,576.0,-320.0,48.0,816.0,-416.0,80.0,576.0,-320.0,48.0,816.0,-416.0,80.0,576.0,-320.0,48.0,816.0,-416.0,80.0,576.0,-320.0,48.0,816.0,-416.0,80.0,576.0,-320.0,48.0,816.0,-416.0,80.0,48.0,-384.0,-48.0,816.0,-416.0,80.0,48.0,-384.0,-48.0,224.0,-352.0,16.0,48.0,-384.0,-48.0,224.0,-352.0,16.0,48.0,-384.0,-48.0,224.0,-352.0,16.0,48.0,-384.0,-48.0,224.0,-352.0,16.0,48.0,-384.0,-48.0,224.0,-352.0,16.0,48.0,-384.0,-48.0,224.0,-352.0,16.0,48.0,-384.0,-48.0,-144.0,-400.0,-160.0,0.0,0.0,1664382.0,-144.0,-400.0,-160.0,-192.0,-352.0,-144.0,-144.0,-400.0,-160.0,-192.0,-352.0,-144.0,-144.0,-400.0,-1.0,-192.0,-352.0,-144.0,-144.0,-400.0,-160.0,
6,1,1104.0,0.0,0.0,1264.0,32.0,400.0,1104.0,80.0,352.0,1264.0,32.0,400.0,1104.0,80.0,352.0,1104.0,-144.0,416.0,1104.0,80.0,352.0,1104.0,-144.0,416.0,976.0,-112.0,384.0,1104.0,-144.0,416.0,976.0,-112.0,384.0,1104.0,-144.0,416.0,976.0,-112.0,384.0,1104.0,-144.0,416.0,976.0,-112.0,384.0,1104.0,-144.0,416.0,864.0,-208.0,384.0,1104.0,-144.0,416.0,864.0,-208.0,384.0,944.0,-256.0,416.0,864.0,-208.0,384.0,944.0,-256.0,416.0,864.0,-208.0,384.0,944.0,-256.0,416.0,864.0,-208.0,384.0,944.0,-256.0,416.0,864.0,-208.0,384.0,944.0,-256.0,416.0,864.0,-208.0,384.0,944.0,-256.0,416.0,864.0,-208.0,384.0,944.0,-256.0,416.0,864.0,-208.0,384.0,832.0,-320.0,400.0,864.0,-208.0,432.0,832.0,-320.0,400.0,864.0,-208.0,432.0,832.0,-320.0,400.0,864.0,-208.0,432.0,832.0,-320.0,400.0,864.0,-208.0,432.0,832.0,-320.0,400.0,
6,1,0.0,0.0,1665414.0,208.0,-208.0,-128.0,-96.0,-304.0,0.0,208.0,-208.0,-128.0,-96.0,-304.0,0.0,-144.0,-320.0,0.0,-96.0,-304.0,0.0,-144.0,-320.0,-112.0,-96.0,-304.0,0.0,-144.0,-320.0,-112.0,-96.0,-304.0,0.0,-144.0,-320.0,-112.0,-96.0,-304.0,0.0,-160.0,-256.0,112.0,-96.0,-304.0,0.0,-160.0,-256.0,112.0,-304.0,-240.0,224.0,-160.0,-256.0,112.0,-304.0,-240.0,224.0,-160.0,-256.0,112.0,0.0,0.0,-304.0,-160.0,-256.0,112.0,-304.0,-240.0,224.0,-160.0,-256.0,112.0,-304.0,-240.0,224.0,112.0,0.0,0.0,-304.0,-240.0,224.0,-640.0,-192.0,224.0,-800.0,-368.0,128.0,-640.0,-192.0,224.0,-800.0,-368.0,128.0,-640.0,-192.0,224.0,-800.0,-368.0,128.0,-640.0,-192.0,224.0,-800.0,-368.0,128.0,-640.0,-192.0,224.0,-800.0,-368.0,128.0,-640.0,-192.0,224.0,-800.0,-368.0,128.0,-640.0,-448.0,-64.0,0.0,0.0,-800.0,-640.0,-448.0,-64.0,0.0,0.0,-800.0,0.0,0.0,0.0,0.0,0.0,-800.0,-1088.0,-448.0,-64.0,-1008.0,-640.0,-11.0,-1088.0,-448.0,-64.0,-1008.0,-640.0,-112.0,-1088.0,-448.0,-64.0,-1008.0,-640.0,-112.0,-1088.0,-448.0,-64.0,-1008.0,-640.0,-112.0,-1104.0,-560.0,-96.0,-1008.0,-640.0,-112.0,-1104.0,-560.0,-96.0,-832.0,-512.0,64.0,-1104.0,-560.0,-96.0,-832.0,-512.0,64.0,-1104.0,-560.0,-96.0,
6,1,-1392.0,368.0,704.0,-1488.0,432.0,656.0,-1584.0,368.0,704.0,-1488.0,432.0,656.0,-1584.0,368.0,704.0,-1488.0,432.0,656.0,-1584.0,368.0,704.0,-1488.0,432.0,656.0,-1584.0,368.0,704.0,1053618.0,0.0,0.0,-1584.0,368.0,704.0,-1456.0,560.0,912.0,15.0,0.0,0.0,-1456.0,560.0,912.0,-1424.0,448.0,928.0,-1456.0,560.0,912.0,-1424.0,448.0,928.0,-1456.0,560.0,912.0,-1424.0,448.0,928.0,-1456.0,560.0,912.0,-1424.0,448.0,928.0,-1456.0,560.0,912.0,-1424.0,448.0,928.0,-1456.0,560.0,912.0,-1424.0,448.0,928.0,-1232.0,528.0,992.0,0.0,0.0,-1200.0,-1232.0,528.0,992.0,0.0,0.0,-1200.0,0.0,0.0,0.0,0.0,0.0,-1200.0,-1232.0,528.0,992.0,-1200.0,288.0,800.0,-1232.0,528.0,992.0,-1200.0,288.0,800.0,-1232.0,528.0,992.0,-1200.0,288.0,800.0,-1040.0,240.0,656.0,0.0,5672.0,0.0,-1040.0,240.0,656.0,-992.0,128.0,544.0,-1040.0,240.0,656.0,-992.0,128.0,544.0,-1040.0,240.0,0.0,-992.0,128.0,544.0,-1040.0,240.0,656.0,0.0,0.0,-992.0,-1040.0,240.0,656.0,-992.0,128.0,544.0,-1040.0,240.0,656.0,-992.0,128.0,544.0,496.0,0.0,0.0,-992.0,128.0,544.0,-944.0,144.0,496.0,-912.0,144.0,528.0,-944.0,144.0,496.0,-912.0,144.0,528.0,-944.0,144.0,496.0,-912.0,144.0,528.0,-944.0,144.0,496.0,
6,1,-912.0,-144.0,544.0,-704.0,-784.0,80.0,-912.0,-144.0,544.0,-704.0,-784.0,80.0,-912.0,-144.0,544.0,-736.0,-864.0,-16.0,-912.0,-144.0,544.0,-736.0,-864.0,-16.0,-912.0,-144.0,544.0,-736.0,-864.0,-16.0,-912.0,-144.0,544.0,-704.0,-816.0,64.0,-912.0,-144.0,544.0,-704.0,-816.0,64.0,-912.0,-144.0,544.0,-704.0,-816.0,64.0,-912.0,-144.0,544.0,-672.0,-752.0,128.0,-912.0,-144.0,544.0,-672.0,-752.0,128.0,-912.0,-144.0,544.0,-672.0,-752.0,128.0,-912.0,-144.0,544.0,-624.0,-720.0,176.0,-912.0,-144.0,544.0,-624.0,-720.0,176.0,-912.0,-144.0,544.0,-624.0,-720.0,176.0,-912.0,-144.0,544.0,-624.0,-720.0,176.0,-912.0,-144.0,544.0,-592.0,-720.0,176.0,-912.0,-144.0,544.0,-592.0,-720.0,176.0,-912.0,-144.0,544.0,-592.0,-720.0,176.0,-912.0,-144.0,544.0,-592.0,-720.0,192.0,-912.0,-144.0,544.0,-592.0,-720.0,192.0,-912.0,-144.0,544.0,-592.0,-720.0,192.0,-912.0,-144.0,544.0,-624.0,-752.0,176.0,-912.0,-144.0,544.0,-624.0,-752.0,176.0,-912.0,-144.0,544.0,-624.0,-752.0,176.0,-912.0,-144.0,544.0,-688.0,-800.0,160.0,-912.0,-144.0,544.0,-688.0,-800.0,160.0,-912.0,-144.0,544.0,-688.0,-800.0,160.0,-912.0,-144.0,544.0,-688.0,-800.0,160.0,-912.0,-144.0,544.0,-688.0,-800.0,160.0,-912.0,-144.0,544.0,-688.0,-800.0,160.0,-912.0,-144.0,544.0,-688.0,-800.0,160.0,-912.0,-144.0,544.0,-768.0,-768.0,224.0,-912.0,-144.0,544.0,-768.0,-768.0,224.0,-912.0,-144.0,544.0,-768.0,-768.0,224.0,-912.0,-144.0,544.0,-816.0,-800.0,192.0,-912.0,-144.0,544.0,-816.0,-800.0,192.0,-912.0,-144.0,544.0,-816.0,-800.0,192.0,-912.0,-144.0,544.0,-832.0,-816.0,176.0,-912.0,-144.0,544.0,-832.0,-816.0,176.0,-912.0,-144.0,544.0,-832.0,-816.0,176.0,-912.0,-144.0,544.0,-832.0,-816.0,176.0,-912.0,-144.0,544.0,-912.0,-864.0,128.0,-912.0,-144.0,544.0,-912.0,-864.0,128.0,-912.0,-144.0,544.0,-912.0,-864.0,128.0,-912.0,-144.0,544.0,-912.0,-928.0,128.0,-912.0,-144.0,544.0,-912.0,-928.0,128.0,-912.0,-144.0,544.0,-912.0,-928.0,128.0,-912.0,-144.0,544.0,-864.0,-768.0,272.0,-912.0,-144.0,544.0,-864.0,-768.0,272.0,-912.0,-144.0,544.0,-864.0,-768.0,272.0,-912.0,-144.0,544.0,-864.0,-768.0,224.0,-912.0,-144.0,544.0,-1024.0,-784.0,224.0,-912.0,-144.0,544.0,-1024.0,-784.0,224.0,-912.0,-144.0,544.0,-1024.0,-784.0,224.0,-912.0,-144.0,544.0,-1120.0,-960.0,-32.0,
6,2,102.0,0.0,0.0,704724.0,0.0,0.0,-1024.0,-80.0,144.0,704724.0,0.0,0.0,-1024.0,-80.0,144.0,592.0,-848.0,-128.0,-1024.0,-80.0,144.0,592.0,-848.0,-128.0,-1056.0,-80.0,144.0,592.0,-848.0,-128.0,-1056.0,-80.0,144.0,592.0,-848.0,-128.0,-1056.0,-80.0,144.0,592.0,-848.0,-128.0,0.0,1316742.0,0.0,592.0,-848.0,-128.0,0.0,1316742.0,0.0,608.0,848144.0,0.0,0.0,1316742.0,0.0,608.0,-848.0,-144.0,104144.0,0.0,0.0,608.0,-848.0,-144.0,-1040.0,-64.0,144.0,608.0,-848.0,-144.0,-1040.0,-64.0,144.0,-848.0,144.0,0.0,-1040.0,-64.0,144.0,560.0,-848.0,-160.0,-1040.0,-64.0,144.0,560.0,-848.0,-160.0,-1040.0,-64.0,144.0,560.0,-848.0,-160.0,-1040.0,-64.0,144.0,560.0,-848.0,-160.0,0.0,1316772.0,0.0,560.0,-848.0,-160.0,0.0,1316772.0,0.0,560.0,848160.0,0.0,0.0,1316772.0,0.0,544.0,-832.0,-176.0,102128.0,0.0,0.0,544.0,-832.0,-176.0,-1024.0,-64.0,128.0,544.0,-832.0,-176.0,-1024.0,-64.0,128.0,-832.0,176.0,0.0,-1024.0,-64.0,128.0,544.0,-832.0,-176.0,-1024.0,-80.0,144.0,544.0,-832.0,-176.0,-1024.0,-80.0,144.0,544.0,-832.0,-176.0,-1024.0,-80.0,144.0,544.0,-832.0,-176.0,0.0,1316802.0,0.0,544.0,-832.0,-176.0,0.0,1316802.0,0.0,576.0,816192.0,0.0,0.0,1316802.0,0.0,576.0,-816.0,-192.0,1008.0,0.0,0.0,576.0,-816.0,-192.0,-1008.0,-80.0,144.0,576.0,-816.0,-192.0,-1008.0,-80.0,144.0,576.0,-816.0,-192.0,-1008.0,-80.0,144.0,592.0,-816.0,-192.0,-1008.0,-80.0,144.0,592.0,-816.0,-192.0,-1008.0,-80.0,144.0,592.0,-816.0,-192.0,-1008.0,-80.0,144.0,592.0,-816.0,-192.0,0.0,1316832.0,0.0,592.0,-816.0,-192.0,0.0,1316832.0,0.0,592.0,816192.0,0.0,0.0,1316832.0,0.0,624.0,-816.0,-160.0,104.0,0.0,0.0,624.0,-816.0,-160.0,-1040.0,-80.0,144.0,624.0,-816.0,-160.0,-1040.0,-80.0,144.0,624.0,-816.0,-160.0,-1040.0,-80.0,144.0,624.0,-816.0,-160.0,-1056.0,-64.0,144.0,624.0,-816.0,-160.0,-1056.0,-64.0,144.0,624.0,-816.0,-160.0,-1056.0,-64.0,144.0,592.0,-832.0,-144.0,0.0,1316862.0,0.0,592.0,-832.0,-144.0,0.0,1316862.0,0.0,592.0,832144.0,0.0,0.0,1316862.0,0.0,592.0,-832.0,-144.0,110.0,0.0,0.0,592.0,-832.0,-144.0,-1104.0,-64.0,112.0,592.0,-832.0,-144.0,-1104.0,-64.0,112.0,592.0,-832.0,-144.0,-1104.0,-64.0,112.0,592.0,-784.0,-160.0,-1104.0,-64.0,112.0,592.0,-784.0,-160.0,-1376.0,-48.0,96.0,592.0,-784.0,-160.0,-1376.0,-48.0,96.0,592.0,-784.0,-160.0,-1376.0,-48.0,96.0,592.0,-784.0,-160.0,-1376.0,-48.0,96.0,592.0,-784.0,-160.0,-1376.0,-48.0,96.0,704904.0,0.0,0.0,137.0,0.0,0.0,704904.0,0.0,0.0,-1376.0,-48.0,96.0,704904.0,0.0,0.0,-1376.0,-48.0,96.0,672.0,-688.0,-112.0,-1376.0,-48.0,96.0,672.0,-688.0,-112.0,-1840.0,16.0,96.0,672.0,-688.0,-112.0,-1840.0,16.0,96.0,672.0,-688.0,-112.0,-1840.0,16.0,96.0,896.0,-448.0,-64.0,0.0,0.0,1316922.0,896.0,-448.0,-64.0,0.0,0.0,1316922.0,89664.0,-448.0,0.0,0.0,0.0,1316922.0,896.0,-448.0,-64.0,203.0,0.0,0.0,896.0,-448.0,-64.0,-2032.0,48.0,272.0,896.0,-448.0,-64.0,-2032.0,48.0,272.0,1280.0,-176.0,-112.0,-2032.0,48.0,272.0,1280.0,-176.0,-112.0,-2032.0,48.0,272.0,1280.0,-176.0,-112.0,-2032.0,32.0,384.0,1280.0,-176.0,-112.0,-2032.0,32.0,384.0,1280.0,-176.0,-112.0,0.0,1316952.0,0.0,1280.0,-176.0,-112.0,0.0,1316952.0,0.0,128076.0,1112.0,0.0,0.0,1316952.0,0.0,1616.0,80.0,0.0,203384.0,0.0,0.0,1616.0,80.0,0.0,-2032.0,48.0,400.0,1616.0,80.0,0.0,-2032.0,48.0,400.0,80.0,0.0,0.0,-2032.0,48.0,400.0,1616.0,80.0,0.0,-2032.0,48.0,400.0,1616.0,80.0,0.0,-2032.0,48.0,400.0,1616.0,80.0,0.0,-2032.0,48.0,400.0,1856.0,336.0,-112.0,0.0,1316982.0,0.0,1856.0,336.0,-112.0,0.0,1316982.0,0.0,1856.0,33.0,6.0,0.0,1316982.0,0.0,1856.0,336.0,-112.0,-2032.0,224.0,176.0,1856.0,336.0,-112.0,-2032.0,224.0,176.0,1856.0,336.0,-112.0,-2032.0,224.0,176.0,656.0,96.0,0.0,-2032.0,224.0,176.0,1920.0,656.0,-96.0,-2032.0,224.0,176.0,1920.0,656.0,-96.0,-2032.0,560.0,144.0,1920.0,656.0,-96.0,-2032.0,560.0,144.0,1920.0,656.0,-96.0,0.0,1317012.0,0.0,1920.0,656.0,-96.0,0.0,1317012.0,0.0,2048.0,97648.0,0.0,0.0,1317012.0,0.0,2048.0,976.0,48.0,203.0,0.0,0.0,2048.0,976.0,48.0,-2032.0,752.0,1008.0,2048.0,976.0,48.0,-2032.0,752.0,1008.0,2048.0,976.0,48.0,-2032.0,752.0,1008.0,2048.0,976.0,48.0,-2032.0,752.0,1008.0,2048.0,976.0,48.0,-2032.0,752.0,1008.0,2048.0,976.0,48.0,-2032.0,752.0,1008.0,2048.0,1488.0,96.0,-2032.0,752.0,1008.0,2048.0,1488.0,96.0,-1744.0,912.0,1104.0,2048.0,1488.0,96.0,-1744.0,912.0,1104.0,705054.0,0.0,0.0,174.0,0.0,0.0,705054.0,0.0,0.0,-1744.0,912.0,1104.0,705054.0,0.0,0.0,-1744.0,912.0,1104.0,2048.0,2048.0,384.0,-1744.0,912.0,1104.0,2048.0,2048.0,384.0,-1744.0,912.0,1104.0,2048.0,2048.0,384.0,-1744.0,912.0,1104.0,0.0,0.0,705072.0,-1152.0,1088.0,608.0,0.0,0.0,705072.0,-1152.0,1088.0,608.0,0.0,0.0,705072.0,-1152.0,1088.0,608.0,1600.0,20.0,48.0,-1152.0,1088.0,608.0,1600.0,2048.0,112.0,-1152.0,1088.0,608.0,1600.0,2048.0,112.0,-512.0,1168.0,496.0,1600.0,2048.0,112.0,-512.0,1168.0,496.0,1600.0,2048.0,112.0,-512.0,1168.0,496.0,1600.0,2048.0,-1488.0,-512.0,1168.0,496.0,1600.0,2048.0,-1488.0,-512.0,1168.0,496.0,1600.0,2048.0,-1488.0,-512.0,1168.0,496.0,-2032.0,2048.0,-1488.0,0.0,1317102.0,0.0,-2032.0,2048.0,-1488.0,0.0,1317102.0,0.0,-2032.0,2048.0,-1488.0,0.0,1317102.0,0.0,-2032.0,2048.0,-1488.0,288.0,0.0,0.0,-2032.0,2048.0,-1488.0,288.0,1104.0,384.0,-2032.0,2048.0,-1488.0,288.0,1104.0,384.0,-2032.0,2048.0,128.0,288.0,1104.0,384.0,-2032.0,2048.0,128.0,288.0,864.0,-48.0,-2032.0,2048.0,128.0,1168.0,864.0,-48.0,-2032.0,2048.0,128.0,1168.0,864.0,-48.0,-2032.0,2048.0,128.0,1168.0,864.0,-48.0,-2032.0,816.0,-384.0,1168.0,864.0,-48.0,-2032.0,816.0,-384.0,1168.0,864.0,-48.0,705144.0,0.0,0.0,1168.0,0.0,0.0,705144.0,0.0,0.0,1648.0,752.0,-448.0,705144.0,0.0,0.0,1648.0,752.0,-448.0,-2032.0,816.0,-384.0,1648.0,752.0,-448.0,176.0,-432.0,576.0,1648.0,752.0,-448.0,176.0,-432.0,576.0,1648.0,752.0,-448.0,176.0,-432.0,576.0,1648.0,752.0,-448.0,176.0,-432.0,576.0,0.0,1317162.0,0.0,176.0,-432.0,576.0,0.0,1317162.0,0.0,176.0,432576.0,0.0,0.0,1317162.0,0.0,176.0,-432.0,576.0,1712.0,0.0,0.0,176.0,-432.0,576.0,1712.0,864.0,-368.0,176.0,-432.0,576.0,1712.0,864.0,-368.0,-1056.0,-1152.0,1408.0,1712.0,864.0,-368.0,-1056.0,-1152.0,1408.0,1664.0,624.0,128.0,-1056.0,-1152.0,1408.0,1664.0,624.0,128.0,-1056.0,-1152.0,1408.0,1664.0,624.0,128.0,-1056.0,-1152.0,1408.0,0.0,1317192.0,0.0,-1056.0,-1152.0,1408.0,0.0,1317192.0,0.0,92844.0,132032.0,0.0,0.0,1317192.0,0.0,928.0,-1344.0,2032.0,166.0,0.0,0.0,928.0,-1344.0,2032.0,1600.0,480.0,144.0,928.0,-1344.0,2032.0,1600.0,480.0,144.0,928.0,-1344.0,2032.0,1600.0,480.0,144.0,-1840.0,-480.0,-288.0,1600.0,480.0,144.0,-1840.0,-480.0,-288.0,1600.0,480.0,144.0,-1840.0,-480.0,-288.0,1600.0,480.0,144.0,-1840.0,-480.0,-288.0,1600.0,480.0,144.0,-1840.0,-480.0,-288.0,1584.0,144.0,-416.0,-1840.0,-480.0,-288.0,1584.0,144.0,-416.0,705234.0,0.0,0.0,
6,2,1424.0,224.0,144.0,1712.0,160.0,48.0,1424.0,224.0,144.0,1712.0,160.0,48.0,1424.0,224.0,144.0,1712.0,160.0,48.0,0.0,1120.0,336.0,1712.0,160.0,48.0,1120.0,336.0,48.0,1712.0,160.0,48.0,1120.0,336.0,48.0,256.0,32.0,0.0,1120.0,336.0,48.0,1360.0,256.0,32.0,1120.0,336.0,48.0,1360.0,256.0,32.0,1120.0,336.0,48.0,1360.0,256.0,32.0,1120.0,336.0,48.0,1104.0,624.0,-352.0,1072.0,800.0,-384.0,1104.0,624.0,-352.0,1072.0,800.0,-384.0,1104.0,624.0,-352.0,1072.0,800.0,-384.0,1104.0,624.0,-352.0,0.0,1072.0,800.0,1104.0,624.0,-352.0,1072.0,800.0,-384.0,1104.0,624.0,-352.0,1072.0,800.0,-384.0,624.0,352.0,0.0,1072.0,800.0,-384.0,1616.0,944.0,-672.0,0.0,1696.0,1216.0,1616.0,944.0,-672.0,0.0,1696.0,1216.0,944.0,672.0,0.0,0.0,1696.0,1216.0,1616.0,944.0,-672.0,1696.0,1216.0,-544.0,1616.0,944.0,-672.0,1696.0,1216.0,-544.0,1616.0,944.0,-672.0,1696.0,1216.0,-544.0,1616.0,944.0,-672.0,0.0,1602894.0,0.0,1616.0,944.0,-672.0,0.0,1602894.0,0.0,2048.0,12.0,64.0,0.0,1602894.0,0.0,2048.0,1264.0,-464.0,2048.0,1552.0,-208.0,2048.0,1264.0,-464.0,2048.0,1552.0,-208.0,2048.0,1264.0,-464.0,2048.0,1552.0,-208.0,2048.0,1264.0,-464.0,2048.0,1552.0,-208.0,2048.0,2048.0,-352.0,2048.0,2048.0,-384.0,2048.0,2048.0,-352.0,2048.0,2048.0,-384.0,2048.0,2048.0,-352.0,2048.0,2048.0,-384.0,2048.0,2048.0,-352.0,0.0,1602924.0,0.0,2048.0,2048.0,-352.0,0.0,1602924.0,0.0,204848.0,20352.0,0.0,0.0,1602924.0,0.0,2048.0,2048.0,-624.0,2048.0,0.0,0.0,2048.0,2048.0,-624.0,2048.0,2048.0,-448.0,2048.0,2048.0,-624.0,2048.0,2048.0,-448.0,2048.0,2048.0,-624.0,2048.0,2048.0,-448.0,2048.0,2048.0,-624.0,2048.0,2048.0,-448.0,2048.0,2048.0,-624.0,2048.0,2048.0,-448.0,2048.0,2048.0,-624.0,2048.0,2048.0,-448.0,1968.0,2048.0,96.0,0.0,1602954.0,0.0,1968.0,2048.0,96.0,944.0,2048.0,608.0,1968.0,2048.0,96.0,944.0,2048.0,608.0,1968.0,20.0,0.0,944.0,2048.0,608.0,1968.0,2048.0,96.0,944.0,2048.0,608.0,1968.0,2048.0,96.0,944.0,2048.0,608.0,1968.0,2048.0,96.0,944.0,2048.0,608.0,-2032.0,2048.0,2032.0,-2032.0,2048.0,2032.0,-2032.0,2048.0,2032.0,-2032.0,2048.0,2032.0,-2032.0,2048.0,2032.0,-2032.0,2048.0,2032.0,-2032.0,2048.0,2032.0,0.0,-2032.0,2048.0,-2032.0,2048.0,2032.0,0.0,-2032.0,2048.0,0.0,0.0,0.0,0.0,-2032.0,2048.0,-2032.0,2048.0,2032.0,-2032.0,960.0,-1456.0,-2032.0,2048.0,2032.0,-2032.0,960.0,-1456.0,-2032.0,2048.0,2032.0,-2032.0,960.0,-1456.0,-2032.0,2048.0,2032.0,-2032.0,960.0,-1456.0,-2032.0,2048.0,2032.0,-2032.0,960.0,-1456.0,-2032.0,2048.0,2032.0,-2032.0,1072.0,-976.0,-2032.0,2048.0,2032.0,-2032.0,1072.0,-976.0,-2032.0,-48.0,-2048.0,-2032.0,1072.0,-976.0,-2032.0,-48.0,-2048.0,
6,2,0.0,1603674.0,0.0,-912.0,-288.0,256.0,0.0,1603674.0,0.0,1007680.0,256.0,0.0,0.0,1603674.0,0.0,-1008.0,-320.0,256.0,992.0,0.0,0.0,-1008.0,-320.0,256.0,-992.0,-400.0,112.0,-1008.0,-320.0,256.0,-992.0,-400.0,112.0,-1008.0,-320.0,256.0,-992.0,-400.0,112.0,-1088.0,-352.0,272.0,-992.0,-400.0,112.0,-1088.0,-352.0,272.0,-1136.0,-416.0,128.0,-1088.0,-352.0,272.0,-1136.0,-416.0,128.0,-1088.0,-352.0,272.0,0.0,1603704.0,0.0,-1088.0,-352.0,272.0,0.0,1603704.0,0.0,-1088.0,0.0,-352.0,0.0,1603704.0,0.0,-1088.0,-352.0,272.0,-1136.0,-416.0,128.0,-1088.0,-352.0,272.0,-1792.0,-416.0,80.0,-1088.0,-352.0,272.0,-1792.0,-416.0,80.0,-1600.0,-336.0,272.0,-1792.0,-416.0,80.0,-1600.0,-336.0,272.0,-1792.0,-416.0,80.0,-1600.0,-336.0,272.0,-1792.0,-416.0,80.0,-1600.0,-336.0,272.0,-1792.0,-416.0,80.0,-1600.0,-336.0,272.0,0.0,1603734.0,0.0,-1600.0,-336.0,272.0,0.0,1603734.0,0.0,-2032.0,0.0,-448.0,0.0,1603734.0,0.0,-2032.0,-448.0,96.0,-2032.0,-336.0,-64.0,-2032.0,-448.0,96.0,-2032.0,-336.0,-64.0,-2032.0,-448.0,96.0,-2032.0,-336.0,-64.0,-2032.0,-448.0,96.0,-2032.0,-336.0,-64.0,-2032.0,-48.0,720.0,-2032.0,-336.0,-64.0,-2032.0,-48.0,720.0,-2032.0,16.0,720.0,-2032.0,-48.0,720.0,-2032.0,16.0,720.0,-2032.0,-48.0,720.0,0.0,1603764.0,0.0,-2032.0,-48.0,720.0,-2032.0,16.0,720.0,-2032.0,-48.0,720.0,-2032.0,16.0,720.0,-2032.0,0.0,0.0,-2032.0,16.0,720.0,-2032.0,640.0,1712.0,-2032.0,336.0,1424.0,-2032.0,640.0,1712.0,-2032.0,336.0,1424.0,-2032.0,640.0,1712.0,-2032.0,336.0,1424.0,-2032.0,640.0,1712.0,-2032.0,336.0,1424.0,-2032.0,640.0,1712.0,-2032.0,336.0,1424.0,-2032.0,640.0,1712.0,-2032.0,336.0,1424.0,-2032.0,640.0,1712.0,-2032.0,672.0,1152.0,-2032.0,640.0,1712.0,-2032.0,672.0,1152.0,0.0,0.0,0.0,-2032.0,672.0,1152.0,-2032.0,960.0,1616.0,-2032.0,672.0,1152.0,-2032.0,960.0,1616.0,-2032.0,672.0,1152.0,-2032.0,960.0,1616.0,-2032.0,672.0,1152.0,-2032.0,960.0,1616.0,-2032.0,672.0,1152.0,-2032.0,1344.0,928.0,-2032.0,1168.0,592.0,-2032.0,1344.0,928.0,-2032.0,1168.0,592.0,-2032.0,1344.0,928.0,-2032.0,1168.0,592.0,-2032.0,1344.0,928.0,0.0,1603824.0,0.0,-2032.0,1344.0,928.0,0.0,1603824.0,0.0,2.0318656E7,928.0,0.0,0.0,1603824.0,0.0,-1680.0,1792.0,288.0,20.0,0.0,0.0,-1680.0,1792.0,288.0,-1264.0,1680.0,192.0,-1680.0,1792.0,288.0,-1264.0,1680.0,192.0,991830.0,0.0,0.0,-1264.0,1680.0,192.0,-1680.0,1792.0,288.0,126.0,0.0,0.0,-1680.0,1792.0,288.0,-1264.0,1680.0,192.0,-1680.0,1792.0,288.0,-1264.0,1680.0,192.0,-1680.0,1936.0,-144.0,0.0,1603854.0,0.0,-1680.0,1936.0,-144.0,0.0,1603854.0,0.0,415064.0,1144.0,0.0,0.0,1603854.0,0.0,-416.0,1936.0,-144.0,25.0,0.0,0.0,-416.0,1936.0,-144.0,-256.0,1728.0,-160.0,-416.0,1936.0,-144.0,-256.0,1728.0,-160.0,-416.0,1936.0,-144.0,-256.0,1728.0,-160.0,240.0,1776.0,-608.0,272.0,1696.0,-432.0,240.0,1776.0,-608.0,272.0,1696.0,-432.0,240.0,1776.0,-608.0,272.0,1696.0,-432.0,240.0,1776.0,-608.0,272.0,1696.0,-432.0,240.0,1776.0,-608.0,272.0,1696.0,-432.0,240.0,1776.0,-608.0,272.0,1696.0,-432.0,0.0,0.0,991884.0,272.0,1696.0,-432.0,0.0,0.0,991884.0,704.0,1792.0,-496.0,0.0,0.0,991884.0,704.0,1792.0,-496.0,656.0,1680.0,-816.0,704.0,1792.0,-496.0,656.0,1680.0,-816.0,704.0,1792.0,-496.0,656.0,1680.0,-816.0,704.0,1792.0,-496.0,656.0,1680.0,-816.0,704.0,1792.0,-496.0,1072.0,1632.0,-816.0,0.0,1603914.0,0.0,1072.0,1632.0,-816.0,0.0,1603914.0,0.0,1072.0,1.0,632.0,0.0,1603914.0,0.0,1072.0,1632.0,-816.0,
6,2,0.0,0.0,0.0,-1344.0,896.0,928.0,-1472.0,640.0,752.0,-1344.0,896.0,928.0,-1472.0,640.0,752.0,-1344.0,896.0,928.0,-1472.0,640.0,752.0,-1344.0,896.0,928.0,-1472.0,640.0,752.0,-1344.0,896.0,928.0,-1472.0,640.0,752.0,-1344.0,896.0,928.0,-1472.0,640.0,752.0,-1328.0,656.0,688.0,0.0,-1312.0,400.0,-1328.0,656.0,688.0,0.0,-1312.0,400.0,0.0,0.0,0.0,0.0,-1312.0,400.0,-1328.0,656.0,688.0,-1312.0,400.0,480.0,-1328.0,656.0,688.0,-1312.0,400.0,480.0,-1328.0,656.0,688.0,-1312.0,400.0,480.0,-1264.0,416.0,432.0,-1312.0,400.0,480.0,-1264.0,416.0,432.0,-1312.0,400.0,480.0,-1264.0,416.0,432.0,-1280.0,256.0,352.0,-1264.0,416.0,432.0,-1280.0,256.0,352.0,-1264.0,416.0,432.0,0.0,-1280.0,256.0,-1264.0,416.0,432.0,-1280.0,256.0,352.0,-1264.0,416.0,432.0,-1280.0,256.0,352.0,336.0,400.0,0.0,-1280.0,256.0,352.0,-1264.0,336.0,400.0,-1264.0,224.0,368.0,-1264.0,336.0,400.0,-1264.0,224.0,368.0,1054590.0,0.0,0.0,-1264.0,224.0,368.0,-1264.0,336.0,400.0,0.0,0.0,0.0,-1264.0,336.0,400.0,-1264.0,224.0,368.0,-1264.0,336.0,400.0,-1264.0,224.0,368.0,-1248.0,288.0,384.0,
6,2,-1104.0,-160.0,352.0,-1200.0,-112.0,240.0,-1104.0,-160.0,352.0,-1200.0,-112.0,240.0,-1104.0,-160.0,352.0,-1088.0,-64.0,368.0,-1104.0,-160.0,352.0,-1088.0,-64.0,368.0,-1104.0,-160.0,352.0,-1088.0,-64.0,368.0,-1104.0,-160.0,352.0,-1088.0,-64.0,368.0,0.0,-976.0,-304.0,-1088.0,-64.0,368.0,0.0,-976.0,-304.0,0.0,0.0,-1088.0,0.0,-976.0,-304.0,-1088.0,-64.0,368.0,0.0,0.0,0.0,-1088.0,-64.0,368.0,-976.0,-304.0,304.0,-1088.0,-64.0,368.0,-976.0,-304.0,304.0,-992.0,-304.0,224.0,-976.0,-304.0,304.0,-992.0,-304.0,224.0,-752.0,-576.0,96.0,-992.0,-304.0,224.0,-752.0,-576.0,96.0,-992.0,-304.0,224.0,-752.0,-576.0,96.0,-992.0,-304.0,224.0,0.0,-752.0,-576.0,-992.0,-304.0,224.0,0.0,-752.0,-576.0,0.0,0.0,-816.0,0.0,-752.0,-576.0,-816.0,-592.0,-32.0,0.0,0.0,0.0,-816.0,-592.0,-32.0,-704.0,-752.0,-64.0,-816.0,-592.0,-32.0,-704.0,-752.0,-64.0,-816.0,-592.0,-32.0,-704.0,-752.0,-64.0,-848.0,-640.0,-80.0,-704.0,-752.0,-64.0,-848.0,-640.0,-80.0,-704.0,-752.0,-64.0,-848.0,-640.0,-80.0,-704.0,-752.0,-64.0,-848.0,-640.0,-80.0,0.0,1666794.0,0.0,-848.0,-640.0,-80.0,0.0,1666794.0,0.0,-848.0,6.0,40.0,0.0,1666794.0,0.0,-912.0,-448.0,160.0,
6,2,-176.0,-432.0,288.0,-224.0,-480.0,272.0,-176.0,-560.0,224.0,-224.0,-480.0,272.0,-176.0,-560.0,224.0,-224.0,-480.0,272.0,0.0,-176.0,-560.0,-224.0,-480.0,272.0,0.0,-176.0,-560.0,0.0,0.0,0.0,0.0,-176.0,-560.0,-240.0,-592.0,144.0,-176.0,-560.0,224.0,-240.0,-592.0,144.0,-176.0,-560.0,160.0,-240.0,-592.0,144.0,-176.0,-560.0,160.0,-240.0,-592.0,144.0,0.0,1666932.0,0.0,-240.0,-592.0,144.0,32.0,-608.0,160.0,-240.0,-592.0,144.0,32.0,-608.0,160.0,-240.0,5.0,0.0,32.0,-608.0,160.0,48.0,-608.0,112.0,0.0,32.0,-608.0,48.0,-608.0,112.0,288.0,-576.0,208.0,48.0,-608.0,112.0,288.0,-576.0,208.0,-608.0,112.0,0.0,288.0,-576.0,208.0,48.0,-608.0,112.0,288.0,-576.0,208.0,48.0,-608.0,112.0,288.0,-576.0,208.0,240.0,-576.0,128.0,288.0,-576.0,208.0,240.0,-576.0,128.0,288.0,-576.0,208.0,240.0,-576.0,128.0,304.0,-304.0,256.0,240.0,-576.0,128.0,304.0,-304.0,256.0,240.0,-576.0,128.0,0.0,1666974.0,0.0,240.0,-576.0,128.0,0.0,1666974.0,0.0,240.0,57.0,6.0,0.0,1666974.0,0.0,352.0,-320.0,304.0,304.0,-304.0,256.0,352.0,-320.0,304.0,400.0,-160.0,336.0,352.0,-320.0,304.0,400.0,-160.0,336.0,1054980.0,0.0,0.0,400.0,-160.0,336.0,352.0,-320.0,304.0,4.0,0.0,0.0,352.0,-320.0,304.0,400.0,-160.0,336.0,352.0,-320.0,304.0,400.0,-160.0,336.0,400.0,-240.0,336.0,
6,2,-912.0,-144.0,544.0,784.0,-528.0,-48.0,-912.0,-144.0,544.0,1024.0,-576.0,-48.0,-912.0,-144.0,544.0,1024.0,-576.0,-48.0,-912.0,-144.0,544.0,1024.0,-576.0,-48.0,-912.0,-144.0,544.0,1056.0,-496.0,-96.0,-912.0,-144.0,544.0,1056.0,-496.0,-96.0,-912.0,-144.0,544.0,1056.0,-496.0,-96.0,-912.0,-144.0,544.0,784.0,-160.0,80.0,-912.0,-144.0,544.0,784.0,-160.0,80.0,-912.0,-144.0,544.0,784.0,-160.0,80.0,-912.0,-144.0,544.0,-96.0,368.0,240.0,-912.0,-144.0,544.0,-96.0,368.0,240.0,-912.0,-144.0,544.0,-96.0,368.0,240.0,-912.0,-144.0,544.0,-96.0,368.0,240.0,-912.0,-144.0,544.0,-1312.0,240.0,48.0,-912.0,-144.0,544.0,-1312.0,240.0,48.0,-912.0,-144.0,544.0,-1312.0,240.0,48.0,-912.0,-144.0,544.0,-2032.0,304.0,544.0,-912.0,-144.0,544.0,-2032.0,304.0,544.0,-912.0,-144.0,544.0,-2032.0,304.0,544.0,-912.0,-144.0,544.0,-2032.0,64.0,816.0,-912.0,-144.0,544.0,-2032.0,64.0,816.0,-912.0,-144.0,544.0,-2032.0,64.0,816.0,-912.0,-144.0,544.0,-1824.0,-304.0,336.0,-912.0,-144.0,544.0,-1824.0,-304.0,336.0,
6,2,-912.0,-144.0,544.0,-1120.0,96.0,544.0,-912.0,-144.0,544.0,-1120.0,96.0,544.0,-912.0,-144.0,544.0,-1120.0,96.0,544.0,-912.0,-144.0,544.0,-1152.0,416.0,816.0,-912.0,-144.0,544.0,-1152.0,416.0,816.0,-912.0,-144.0,544.0,-1152.0,416.0,816.0,-912.0,-144.0,544.0,-1152.0,416.0,816.0,-912.0,-144.0,544.0,-1424.0,608.0,992.0,-912.0,-144.0,544.0,-1424.0,608.0,992.0,-912.0,-144.0,544.0,-1424.0,608.0,992.0,-912.0,-144.0,544.0,-1744.0,800.0,1152.0,-912.0,-144.0,544.0,-1744.0,800.0,1152.0,-912.0,-144.0,544.0,-1744.0,800.0,1152.0,-912.0,-144.0,544.0,-2032.0,688.0,912.0,-912.0,-144.0,544.0,-2032.0,688.0,912.0,-912.0,-144.0,544.0,-2032.0,688.0,912.0,-912.0,-144.0,544.0,-2032.0,704.0,816.0,-912.0,-144.0,544.0,-2032.0,704.0,816.0,-912.0,-144.0,544.0,-2032.0,704.0,816.0,-912.0,-144.0,544.0,-2032.0,704.0,816.0,-912.0,-144.0,544.0,-1936.0,592.0,608.0,-912.0,-144.0,544.0,-1936.0,592.0,608.0,-912.0,-144.0,544.0,-1936.0,592.0,608.0,-912.0,-144.0,544.0,-1552.0,432.0,496.0,-912.0,-144.0,544.0,-1552.0,432.0,496.0,-912.0,-144.0,544.0,-1552.0,432.0,496.0,-912.0,-144.0,544.0,-976.0,208.0,432.0,-912.0,-144.0,544.0,-976.0,208.0,432.0,-912.0,-144.0,544.0,-976.0,208.0,432.0,-912.0,-144.0,544.0,-976.0,-48.0,112.0,-912.0,-144.0,544.0,-624.0,-48.0,112.0,-912.0,-144.0,544.0,-624.0,-48.0,112.0,-912.0,-144.0,544.0,-624.0,-48.0,112.0,-912.0,-144.0,544.0,-80.0,-288.0,64.0,-912.0,-144.0,544.0,-80.0,-288.0,64.0,-912.0,-144.0,544.0,-80.0,-288.0,64.0,-912.0,-144.0,544.0,544.0,-336.0,176.0,-912.0,-144.0,544.0,544.0,-336.0,176.0,
6,3,1588434.0,0.0,0.0,-320.0,-464.0,-1056.0,1588434.0,0.0,0.0,-320.0,-464.0,-1056.0,1588434.0,0.0,0.0,-320.0,-464.0,-1056.0,544.0,0.0,0.0,-320.0,-464.0,-1056.0,-544.0,-352.0,-736.0,-320.0,-464.0,-1056.0,-544.0,-352.0,-736.0,-368.0,-304.0,-896.0,-544.0,-352.0,-736.0,-368.0,-304.0,-896.0,-544.0,-352.0,-736.0,-368.0,-304.0,-896.0,-560.0,-368.0,-752.0,-368.0,-304.0,-896.0,-560.0,-368.0,-752.0,-368.0,-304.0,-896.0,1588464.0,0.0,0.0,-368.0,-304.0,-896.0,1588464.0,0.0,0.0,-368.0,-304.0,-896.0,1588464.0,0.0,0.0,-368.0,-400.0,-960.0,560.0,0.0,0.0,-368.0,-400.0,-960.0,-752.0,-496.0,-944.0,-368.0,-400.0,-960.0,-752.0,-496.0,-944.0,976470.0,0.0,0.0,-752.0,-496.0,-944.0,-368.0,-400.0,-960.0,752.0,0.0,0.0,-368.0,-400.0,-960.0,-752.0,-496.0,-944.0,-368.0,-400.0,-960.0,-752.0,-496.0,-944.0,-672.0,-624.0,-1392.0,1588494.0,0.0,0.0,-672.0,-624.0,-1392.0,1588494.0,0.0,0.0,6.0,0.0,72.0,1588494.0,0.0,0.0,-672.0,-624.0,-1392.0,-1200.0,-560.0,-118.0,-672.0,-624.0,-1392.0,-1200.0,-560.0,-1184.0,-672.0,-624.0,-1392.0,-1200.0,-560.0,-1184.0,-1344.0,-736.0,-1952.0,-1200.0,-560.0,-1184.0,-1344.0,-736.0,-1952.0,-1200.0,-560.0,-1184.0,-1344.0,-736.0,-1952.0,-1584.0,-608.0,-1280.0,-1344.0,-736.0,-1952.0,-1584.0,-608.0,-1280.0,-1344.0,-736.0,-1952.0,1588524.0,0.0,0.0,-1344.0,-736.0,-1952.0,-1584.0,-608.0,-1280.0,-1344.0,-736.0,-1952.0,-1584.0,-608.0,-1280.0,0.0,0.0,0.0,-1584.0,-608.0,-1280.0,-1968.0,-608.0,-2048.0,-1616.0,-576.0,-1264.0,-1968.0,-608.0,-2048.0,-1616.0,-576.0,-1264.0,-1968.0,-608.0,-2048.0,0.0,0.0,542.0,-1968.0,-608.0,-2048.0,-1616.0,-576.0,-1264.0,-1968.0,-608.0,-2048.0,-1616.0,-576.0,-1264.0,-1968.0,-608.0,0.0,-1616.0,-576.0,-1264.0,-1776.0,-608.0,-2048.0,-1088.0,-592.0,-752.0,-1776.0,-608.0,-2048.0,-1088.0,-592.0,-752.0,-1776.0,-608.0,-2048.0,-1088.0,-592.0,-752.0,-1776.0,-608.0,-2048.0,-1088.0,-592.0,-752.0,-1776.0,-608.0,-2048.0,-1088.0,-592.0,-752.0,-1776.0,-608.0,-2048.0,-1088.0,-592.0,-752.0,-544.0,-320.0,-2048.0,-1088.0,-592.0,-752.0,-544.0,-320.0,-2048.0,-1088.0,-592.0,-752.0,-544.0,-320.0,-2048.0,-800.0,-80.0,-1120.0,-544.0,-320.0,-2048.0,-800.0,-80.0,-1120.0,-544.0,-320.0,-2048.0,1588584.0,0.0,0.0,-544.0,-320.0,-2048.0,1588584.0,0.0,0.0,6.0,0.0,56.0,1588584.0,0.0,0.0,656.0,-224.0,-2048.0,-800.0,-80.0,-1120.0,656.0,-224.0,-2048.0,-736.0,304.0,-1616.0,656.0,-224.0,-2048.0,-736.0,304.0,-1616.0,656.0,-224.0,-2048.0,-736.0,304.0,-1616.0,864.0,-80.0,-1440.0,-736.0,304.0,-1616.0,864.0,-80.0,-1440.0,-736.0,304.0,-1616.0,864.0,-80.0,-1440.0,-736.0,304.0,-1616.0,864.0,-80.0,-1440.0,176.0,-192.0,-352.0,864.0,-80.0,-1440.0,176.0,-192.0,-352.0,864.0,-80.0,-1440.0,176.0,-192.0,-352.0,864.0,-80.0,-1440.0,176.0,-192.0,-352.0,864.0,-80.0,-1440.0,176.0,-192.0,-352.0,864.0,-80.0,-1440.0,176.0,-192.0,-352.0,864.0,-368.0,-560.0,176.0,-192.0,-352.0,864.0,-368.0,-560.0,176.0,-192.0,48.0,864.0,-368.0,-560.0,400.0,-352.0,48.0,864.0,-368.0,-560.0,400.0,-352.0,48.0,864.0,-368.0,-560.0,1588644.0,0.0,0.0,864.0,-368.0,-560.0,400.0,-352.0,48.0,864.0,-368.0,-560.0,400.0,-352.0,48.0,11.0,0.0,0.0,400.0,-352.0,48.0,1152.0,-576.0,112.0,832.0,-448.0,640.0,1152.0,-576.0,112.0,832.0,-448.0,640.0,1152.0,-576.0,112.0,832.0,-448.0,640.0,1232.0,-368.0,1040.0,832.0,-448.0,640.0,1232.0,-368.0,1040.0,832.0,-448.0,640.0,1232.0,-368.0,1040.0,832.0,-448.0,640.0,1232.0,-368.0,1040.0,1588674.0,0.0,0.0,1232.0,-368.0,1040.0,880.0,-464.0,1088.0,1232.0,-368.0,1040.0,880.0,-464.0,1088.0,1.0,0.0,0.0,880.0,-464.0,1088.0,960.0,128.0,1632.0,880.0,-464.0,1088.0,960.0,128.0,1632.0,880.0,-464.0,1088.0,960.0,128.0,1632.0,
6,3,16.0,-160.0,-992.0,-208.0,-192.0,928.0,16.0,-160.0,-992.0,-208.0,-192.0,928.0,16.0,-160.0,-992.0,-208.0,-192.0,928.0,-16.0,-176.0,-1008.0,-208.0,-192.0,928.0,-16.0,-176.0,-1008.0,-208.0,-192.0,928.0,-16.0,-176.0,-1008.0,-192.0,-192.0,944.0,0.0,1617774.0,0.0,-192.0,-192.0,944.0,0.0,1617774.0,0.0,-192.0,0.0,-192.0,0.0,1617774.0,0.0,-192.0,-192.0,944.0,0.0,-160.0,0.0,-192.0,-192.0,944.0,0.0,-160.0,-1024.0,-192.0,-192.0,944.0,0.0,-160.0,-1024.0,0.0,-192.0,-192.0,0.0,-160.0,-1024.0,-192.0,-192.0,944.0,-160.0,1024.0,0.0,-192.0,-192.0,944.0,0.0,-160.0,-992.0,-192.0,-192.0,944.0,0.0,-160.0,-992.0,-192.0,-192.0,944.0,0.0,1617804.0,0.0,-192.0,-192.0,944.0,0.0,1617804.0,0.0,-208.0,0.0,-176.0,0.0,1617804.0,0.0,-208.0,-176.0,928.0,0.0,-160.0,0.0,-208.0,-176.0,928.0,0.0,-160.0,-976.0,-208.0,-176.0,928.0,0.0,-160.0,-976.0,0.0,-208.0,-176.0,0.0,-160.0,-976.0,-208.0,-176.0,928.0,
6,3,592.0,0.0,0.0,-864.0,-240.0,1792.0,592.0,336.0,-1456.0,-864.0,-240.0,1792.0,592.0,336.0,-1456.0,-896.0,-16.0,1392.0,1699674.0,0.0,0.0,-896.0,-16.0,1392.0,592.0,352.0,-1152.0,-896.0,-16.0,1392.0,592.0,352.0,-1152.0,0.0,0.0,0.0,592.0,352.0,-1152.0,-896.0,-16.0,1392.0,704.0,352.0,-1152.0,-896.0,-16.0,1392.0,704.0,352.0,-1152.0,0.0,1087680.0,0.0,704.0,352.0,-1152.0,-976.0,32.0,1024.0,704.0,0.0,0.0,-976.0,32.0,1024.0,704.0,352.0,-1152.0,-976.0,32.0,1024.0,704.0,352.0,-1152.0,-976.0,32.0,1024.0,1699704.0,0.0,0.0,-976.0,32.0,1024.0,768.0,224.0,-992.0,-976.0,32.0,1024.0,768.0,224.0,-992.0,0.0,0.0,0.0,768.0,224.0,-992.0,-1056.0,-112.0,816.0,768.0,224.0,-992.0,-1056.0,-112.0,816.0,768.0,224.0,-992.0,0.0,1087710.0,0.0,768.0,224.0,-992.0,-1056.0,-112.0,816.0,672.0,0.0,0.0,-1056.0,-112.0,816.0,672.0,80.0,-1056.0,-1056.0,-112.0,816.0,672.0,80.0,-1056.0,-896.0,-224.0,896.0,1699734.0,0.0,0.0,-896.0,-224.0,896.0,400.0,-64.0,-1296.0,-896.0,-224.0,896.0,400.0,-64.0,-1296.0,0.0,0.0,0.0,400.0,-64.0,-1296.0,-896.0,-224.0,896.0,400.0,-64.0,-1296.0,-896.0,-224.0,896.0,400.0,-64.0,-1296.0,0.0,1087740.0,0.0,400.0,-64.0,-1296.0,-672.0,-352.0,1232.0,400.0,0.0,0.0,-672.0,-352.0,1232.0,400.0,-64.0,-1296.0,-672.0,-352.0,1232.0,400.0,-64.0,-1296.0,-672.0,-352.0,1232.0,
6,3,-912.0,-144.0,544.0,-896.0,192.0,672.0,-912.0,-144.0,544.0,-944.0,112.0,784.0,-912.0,-144.0,544.0,-944.0,112.0,784.0,-912.0,-144.0,544.0,-944.0,112.0,784.0,-912.0,-144.0,544.0,-928.0,16.0,960.0,-912.0,-144.0,544.0,-928.0,16.0,960.0,-912.0,-144.0,544.0,-928.0,16.0,960.0,-912.0,-144.0,544.0,-768.0,-48.0,1264.0,-912.0,-144.0,544.0,-768.0,-48.0,1264.0,-912.0,-144.0,544.0,-768.0,-48.0,1264.0,-912.0,-144.0,544.0,-768.0,32.0,1504.0,-912.0,-144.0,544.0,-512.0,32.0,1504.0,-912.0,-144.0,544.0,-512.0,32.0,1504.0,-912.0,-144.0,544.0,-512.0,32.0,1504.0,-912.0,-144.0,544.0,-256.0,96.0,1808.0,-912.0,-144.0,544.0,-256.0,96.0,1808.0,-912.0,-144.0,544.0,-256.0,96.0,1808.0,-912.0,-144.0,544.0,-336.0,16.0,2032.0,-912.0,-144.0,544.0,-336.0,16.0,2032.0,-912.0,-144.0,544.0,-336.0,16.0,2032.0,-912.0,-144.0,544.0,-672.0,-32.0,2032.0,-912.0,-144.0,544.0,-672.0,-32.0,2032.0,-912.0,-144.0,544.0,-672.0,-32.0,2032.0,-912.0,-144.0,544.0,-672.0,-32.0,2032.0,-912.0,-144.0,544.0,-1248.0,112.0,2032.0,-912.0,-144.0,544.0,-1248.0,112.0,2032.0,-912.0,-144.0,544.0,-1248.0,112.0,2032.0,-912.0,-144.0,544.0,-1440.0,368.0,1488.0,-912.0,-144.0,544.0,-1440.0,368.0,1488.0,-912.0,-144.0,544.0,-1440.0,368.0,1488.0,
6,4,1589184.0,0.0,0.0,-400.0,-624.0,-976.0,-784.0,-576.0,-912.0,-400.0,-624.0,-976.0,-784.0,-576.0,-912.0,0.0,0.0,0.0,-784.0,-576.0,-912.0,-688.0,-752.0,-1248.0,-784.0,-576.0,-912.0,-688.0,-752.0,-1248.0,-784.0,-576.0,-912.0,-688.0,-752.0,-1248.0,-784.0,-576.0,-912.0,-688.0,-752.0,-1248.0,-1216.0,-656.0,-1120.0,-688.0,-752.0,-1248.0,-1216.0,-656.0,-1120.0,-688.0,-752.0,-1248.0,-1216.0,-656.0,-1120.0,-688.0,-880.0,-1808.0,0.0,0.0,1589214.0,-688.0,-880.0,-1808.0,0.0,0.0,1589214.0,-1440.0,-880.0,-1808.0,0.0,0.0,1589214.0,-1440.0,-880.0,-1808.0,-1216.0,-656.0,-11.0,-1440.0,-880.0,-1808.0,-1376.0,-720.0,-1360.0,-1440.0,-880.0,-1808.0,-1376.0,-720.0,-1360.0,-1440.0,-880.0,-1808.0,-1376.0,-720.0,-1360.0,-1648.0,-1008.0,-2048.0,-1376.0,-720.0,-1360.0,-1648.0,-1008.0,-2048.0,-1376.0,-720.0,-1360.0,-1648.0,-1008.0,-2048.0,-1376.0,-720.0,-1360.0,-1648.0,-1008.0,-2048.0,0.0,0.0,1589244.0,-1648.0,-1008.0,-2048.0,0.0,0.0,1589244.0,-1648.0,-1008.0,-2048.0,0.0,0.0,1589244.0,-1072.0,-1008.0,-2048.0,-1072.0,-736.0,-13.0,-1072.0,-1008.0,-2048.0,-1072.0,-736.0,-1344.0,-1072.0,-1008.0,-2048.0,-1072.0,-736.0,-1344.0,-1072.0,-1008.0,-2048.0,-1072.0,-736.0,-1344.0,-1072.0,-1008.0,-2048.0,-640.0,-512.0,-1008.0,-1072.0,-1008.0,-2048.0,-640.0,-512.0,-1008.0,-1072.0,-1008.0,-2048.0,-640.0,-512.0,-1008.0,80.0,-848.0,-2048.0,0.0,0.0,1589274.0,80.0,-848.0,-2048.0,0.0,0.0,1589274.0,80.0,-848.0,-2048.0,0.0,0.0,1589274.0,80.0,-848.0,-2048.0,-368.0,-144.0,-113.0,80.0,-848.0,-2048.0,-368.0,-144.0,-1136.0,80.0,-848.0,-2048.0,-368.0,-144.0,-1136.0,977280.0,0.0,0.0,-368.0,-144.0,-1136.0,736.0,-336.0,-1760.0,36.0,0.0,0.0,736.0,-336.0,-1760.0,-368.0,-144.0,-1136.0,736.0,-336.0,-1760.0,-368.0,-144.0,-1136.0,736.0,-336.0,-1760.0,1589304.0,0.0,0.0,736.0,-336.0,-1760.0,16.0,-96.0,-720.0,736.0,-336.0,-1760.0,16.0,-96.0,-720.0,7.0,0.0,0.0,16.0,-96.0,-720.0,880.0,-368.0,-1328.0,16.0,-96.0,-720.0,880.0,-368.0,-1328.0,16.0,-96.0,-720.0,880.0,-368.0,-1328.0,16.0,-96.0,-720.0,880.0,-368.0,-1328.0,192.0,-176.0,-336.0,880.0,-368.0,-1328.0,192.0,-176.0,-336.0,880.0,-368.0,-1328.0,192.0,-176.0,-336.0,1056.0,-512.0,-752.0,1589334.0,0.0,0.0,1056.0,-512.0,-752.0,704.0,-320.0,-208.0,1056.0,-512.0,-752.0,704.0,-320.0,-208.0,1.0,0.0,0.0,704.0,-320.0,-208.0,1056.0,-512.0,-752.0,704.0,-320.0,-208.0,1056.0,-512.0,-752.0,704.0,-320.0,-208.0,1552.0,-688.0,-112.0,704.0,-320.0,-208.0,1552.0,-688.0,-112.0,704.0,-320.0,-208.0,1552.0,-688.0,-112.0,1024.0,-224.0,480.0,1552.0,-688.0,-112.0,1024.0,-224.0,480.0,1552.0,-688.0,-112.0,1024.0,-224.0,480.0,1552.0,-688.0,-112.0,1024.0,-224.0,480.0,1552.0,-688.0,-112.0,1024.0,-224.0,480.0,1552.0,-688.0,-112.0,1024.0,-224.0,480.0,1696.0,16.0,1008.0,
6,4,-160.0,992.0,0.0,-224.0,-192.0,928.0,0.0,-160.0,-992.0,-224.0,-192.0,928.0,0.0,-160.0,-992.0,-208.0,-192.0,928.0,1618284.0,0.0,0.0,-208.0,-192.0,928.0,1618284.0,0.0,0.0,208.0,0.0,0.0,1618284.0,0.0,0.0,-208.0,-192.0,928.0,0.0,-160.0,0.0,-208.0,-192.0,928.0,0.0,-160.0,-992.0,-208.0,-192.0,928.0,0.0,-160.0,-992.0,-208.0,-192.0,928.0,0.0,-160.0,-992.0,-208.0,-192.0,928.0,0.0,-160.0,-992.0,-208.0,-192.0,928.0,16.0,-160.0,-1008.0,-208.0,-192.0,928.0,16.0,-160.0,-1008.0,-208.0,-192.0,928.0,16.0,-160.0,-1008.0,-208.0,-192.0,928.0,16.0,-160.0,-1008.0,0.0,0.0,6308.0,16.0,-160.0,-1008.0,-224.0,-208.0,944.0,16.0,-160.0,0.0,-224.0,-208.0,944.0,16.0,-160.0,-1008.0,-224.0,-208.0,944.0,16.0,-160.0,-1008.0,0.0,-224.0,-208.0,16.0,-160.0,-1008.0,-208.0,-192.0,944.0,
6,4,432.0,224.0,-1136.0,-736.0,-96.0,1008.0,432.0,224.0,-1136.0,0.0,1088820.0,0.0,432.0,224.0,-1136.0,-736.0,-96.0,1008.0,432.0,0.0,0.0,-736.0,-96.0,1008.0,320.0,368.0,-816.0,-736.0,-96.0,1008.0,320.0,368.0,-816.0,-736.0,-96.0,656.0,0.0,0.0,320.0,-736.0,-96.0,656.0,320.0,368.0,-816.0,-736.0,-96.0,656.0,320.0,368.0,-816.0,656.0,0.0,0.0,320.0,368.0,-816.0,-480.0,240.0,656.0,320.0,368.0,-816.0,-480.0,240.0,656.0,320.0,368.0,-816.0,1088850.0,0.0,0.0,320.0,368.0,-816.0,-432.0,-128.0,816.0,352.0,0.0,0.0,-432.0,-128.0,816.0,352.0,16.0,-1056.0,-432.0,-128.0,816.0,352.0,16.0,-1056.0,-432.0,-128.0,816.0,0.0,0.0,352.0,-432.0,-128.0,816.0,256.0,-384.0,-1648.0,-432.0,-128.0,816.0,256.0,-384.0,-1648.0,816.0,0.0,0.0,256.0,-384.0,-1648.0,-496.0,-800.0,1520.0,256.0,-384.0,-1648.0,-496.0,-800.0,1520.0,256.0,-384.0,-1648.0,1088880.0,0.0,0.0,256.0,-384.0,-1648.0,-496.0,-800.0,1520.0,256.0,0.0,0.0,-496.0,-800.0,1520.0,-128.0,32.0,-1488.0,-496.0,-800.0,1520.0,-128.0,32.0,-1488.0,-256.0,-272.0,1568.0,0.0,0.0,-128.0,-256.0,-272.0,1568.0,-128.0,32.0,-1488.0,-256.0,-272.0,1568.0,-128.0,32.0,-1488.0,1568.0,0.0,0.0,-128.0,32.0,-1488.0,-256.0,-272.0,1568.0,-304.0,480.0,-1056.0,-256.0,-272.0,1568.0,-304.0,480.0,-1056.0,1088910.0,0.0,0.0,-304.0,480.0,-1056.0,112.0,512.0,1040.0,30.0,0.0,0.0,112.0,512.0,1040.0,-304.0,480.0,-1056.0,112.0,512.0,1040.0,-304.0,480.0,-1056.0,112.0,512.0,1040.0,
6,4,-912.0,-144.0,544.0,-960.0,80.0,384.0,-912.0,-144.0,544.0,-960.0,80.0,384.0,-912.0,-144.0,544.0,-960.0,80.0,368.0,-912.0,-144.0,544.0,-960.0,80.0,368.0,-912.0,-144.0,544.0,-960.0,80.0,368.0,-912.0,-144.0,544.0,-960.0,80.0,384.0,-912.0,-144.0,544.0,-960.0,80.0,384.0,-912.0,-144.0,544.0,-960.0,80.0,384.0,-912.0,-144.0,544.0,-960.0,80.0,384.0,-912.0,-144.0,544.0,-960.0,80.0,368.0,
